source,target,weight,Type
贾宝玉,王夫人,2,undirected
贾宝玉,贾琏,1,undirected
贾宝玉,贾政,1,undirected
贾宝玉,薛姨妈,1,undirected
贾宝玉,紫鹃,1,undirected
贾宝玉,贾环,2,undirected
贾宝玉,贾兰,3,undirected
贾宝玉,王爷,1,undirected
贾宝玉,北静王,2,undirected
贾宝玉,赖大,1,undirected
贾宝玉,荣国府,1,undirected
贾宝玉,金陵,1,undirected
贾宝玉,贾妃,1,undirected
贾宝玉,甄宝玉,3,undirected
贾宝玉,谢恩,1,undirected
贾母,林黛玉,43,undirected
贾母,王夫人,248,undirected
贾母,薛宝钗,10,undirected
贾母,贾琏,74,undirected
贾母,贾政,103,undirected
贾母,薛姨妈,111,undirected
贾母,贾珍,55,undirected
贾母,邢夫人,79,undirected
贾母,紫鹃,34,undirected
贾母,尤氏,56,undirected
贾母,薛蟠,16,undirected
贾母,贾芸,8,undirected
贾母,周瑞家,10,undirected
贾母,贾迎春,1,undirected
贾母,贾蓉,33,undirected
贾母,林之孝,10,undirected
贾母,赵姨娘,9,undirected
贾母,和尚,8,undirected
贾母,贾环,20,undirected
贾母,老婆子,29,undirected
贾母,尤二姐,10,undirected
贾母,薛宝琴,3,undirected
贾母,小姐,15,undirected
贾母,秦钟,11,undirected
贾母,贾惜春,1,undirected
贾母,史湘云,31,undirected
贾母,妙玉,6,undirected
贾母,秋纹,17,undirected
贾母,雪雁,14,undirected
贾母,大老爷,18,undirected
贾母,冯紫英,1,undirected
贾母,那丫头,9,undirected
贾母,贾兰,15,undirected
贾母,秦氏,7,undirected
贾母,司棋,6,undirected
贾母,巧姐儿,8,undirected
贾母,那婆子,5,undirected
贾母,老嬷嬷,15,undirected
贾母,从小儿,19,undirected
贾母,王爷,7,undirected
贾母,邢王二,24,undirected
贾母,北静王,11,undirected
贾母,旺儿,5,undirected
贾母,贾府,15,undirected
贾母,赖大,12,undirected
贾母,玉钏儿,6,undirected
贾母,何曾,13,undirected
贾母,巧姐,10,undirected
贾母,金钏儿,7,undirected
贾母,荣国府,6,undirected
贾母,金陵,5,undirected
贾母,丰儿,8,undirected
贾母,祖宗,50,undirected
贾母,李嬷嬷,4,undirected
贾母,贾瑞,2,undirected
贾母,尤三姐,2,undirected
贾母,贾妃,6,undirected
贾母,包勇,2,undirected
贾母,甄宝玉,1,undirected
贾母,梅花,11,undirected
贾母,贾芹,5,undirected
贾母,贾家,6,undirected
贾母,贾蔷,4,undirected
贾母,李贵,6,undirected
贾母,蒋玉菡,2,undirected
贾母,安静,7,undirected
贾母,周瑞,15,undirected
贾母,张罗,3,undirected
贾母,孙子,17,undirected
贾母,薛家,5,undirected
贾母,桂花,5,undirected
贾母,小红,4,undirected
贾母,红玉,1,undirected
贾母,王善保,2,undirected
贾母,秋桐,2,undirected
贾母,李十儿,1,undirected
贾母,张华,2,undirected
贾母,王子腾,13,undirected
贾母,马道婆,1,undirected
贾母,贾雨村,4,undirected
贾母,水月庵,2,undirected
贾母,王仁,3,undirected
贾母,张道士,6,undirected
贾母,鲍二,5,undirected
贾母,王太医,4,undirected
贾母,李氏,9,undirected
贾母,齐全,9,undirected
贾母,柳湘莲,3,undirected
贾母,雪雁道,1,undirected
贾母,谢恩,9,undirected
贾母,邢岫烟,9,undirected
贾母,道谢,8,undirected
贾母,相公,7,undirected
林黛玉,王夫人,33,undirected
林黛玉,薛宝钗,12,undirected
林黛玉,贾琏,2,undirected
林黛玉,贾政,10,undirected
林黛玉,薛姨妈,21,undirected
林黛玉,贾珍,7,undirected
林黛玉,邢夫人,3,undirected
林黛玉,紫鹃,23,undirected
林黛玉,尤氏,6,undirected
林黛玉,薛蟠,3,undirected
林黛玉,贾芸,2,undirected
林黛玉,周瑞家,2,undirected
林黛玉,贾迎春,2,undirected
林黛玉,贾蓉,3,undirected
林黛玉,林之孝,1,undirected
林黛玉,赵姨娘,4,undirected
林黛玉,和尚,4,undirected
林黛玉,贾环,2,undirected
林黛玉,老婆子,1,undirected
林黛玉,小姐,3,undirected
林黛玉,秦钟,2,undirected
林黛玉,贾惜春,1,undirected
林黛玉,史湘云,17,undirected
林黛玉,秋纹,1,undirected
林黛玉,雪雁,6,undirected
林黛玉,大老爷,1,undirected
林黛玉,冯紫英,1,undirected
林黛玉,那丫头,1,undirected
林黛玉,贾兰,1,undirected
林黛玉,秦氏,1,undirected
林黛玉,司棋,1,undirected
林黛玉,巧姐儿,1,undirected
林黛玉,那婆子,1,undirected
林黛玉,老嬷嬷,6,undirected
林黛玉,从小儿,3,undirected
林黛玉,邢王二,1,undirected
林黛玉,贾府,5,undirected
林黛玉,玉钏儿,2,undirected
林黛玉,何曾,5,undirected
林黛玉,巧姐,2,undirected
林黛玉,金钏儿,4,undirected
林黛玉,荣国府,4,undirected
林黛玉,丰儿,2,undirected
林黛玉,祖宗,7,undirected
林黛玉,李嬷嬷,2,undirected
林黛玉,贾妃,3,undirected
林黛玉,梅花,2,undirected
林黛玉,贾芹,1,undirected
林黛玉,贾蔷,1,undirected
林黛玉,蒋玉菡,1,undirected
林黛玉,安静,2,undirected
林黛玉,周瑞,3,undirected
林黛玉,张罗,1,undirected
林黛玉,薛家,1,undirected
林黛玉,桂花,1,undirected
林黛玉,小红,2,undirected
林黛玉,红玉,2,undirected
林黛玉,王子腾,4,undirected
林黛玉,马道婆,1,undirected
林黛玉,贾雨村,2,undirected
林黛玉,张道士,2,undirected
林黛玉,李氏,2,undirected
林黛玉,齐全,2,undirected
林黛玉,邢岫烟,2,undirected
林黛玉,道谢,1,undirected
林黛玉,相公,1,undirected
王夫人,薛宝钗,7,undirected
王夫人,贾琏,69,undirected
王夫人,贾政,104,undirected
王夫人,薛姨妈,97,undirected
王夫人,贾珍,41,undirected
王夫人,邢夫人,97,undirected
王夫人,紫鹃,27,undirected
王夫人,尤氏,56,undirected
王夫人,薛蟠,17,undirected
王夫人,贾芸,11,undirected
王夫人,周瑞家,21,undirected
王夫人,贾迎春,1,undirected
王夫人,贾蓉,28,undirected
王夫人,林之孝,10,undirected
王夫人,赵姨娘,24,undirected
王夫人,和尚,22,undirected
王夫人,贾环,36,undirected
王夫人,老婆子,28,undirected
王夫人,尤二姐,6,undirected
王夫人,薛宝琴,2,undirected
王夫人,小姐,13,undirected
王夫人,秦钟,7,undirected
王夫人,贾惜春,1,undirected
王夫人,史湘云,14,undirected
王夫人,妙玉,6,undirected
王夫人,秋纹,15,undirected
王夫人,雪雁,9,undirected
王夫人,大老爷,21,undirected
王夫人,冯紫英,1,undirected
王夫人,那丫头,10,undirected
王夫人,贾兰,20,undirected
王夫人,秦氏,5,undirected
王夫人,司棋,8,undirected
王夫人,巧姐儿,18,undirected
王夫人,那婆子,9,undirected
王夫人,老嬷嬷,19,undirected
王夫人,从小儿,18,undirected
王夫人,王爷,3,undirected
王夫人,邢王二,19,undirected
王夫人,北静王,5,undirected
王夫人,旺儿,7,undirected
王夫人,贾府,13,undirected
王夫人,赖大,16,undirected
王夫人,玉钏儿,10,undirected
王夫人,何曾,16,undirected
王夫人,巧姐,25,undirected
王夫人,金钏儿,15,undirected
王夫人,荣国府,4,undirected
王夫人,金陵,5,undirected
王夫人,丰儿,9,undirected
王夫人,祖宗,25,undirected
王夫人,李嬷嬷,1,undirected
王夫人,贾瑞,4,undirected
王夫人,尤三姐,1,undirected
王夫人,贾妃,5,undirected
王夫人,包勇,2,undirected
王夫人,甄宝玉,4,undirected
王夫人,梅花,7,undirected
王夫人,贾芹,5,undirected
王夫人,贾家,4,undirected
王夫人,贾蔷,8,undirected
王夫人,李贵,6,undirected
王夫人,蒋玉菡,1,undirected
王夫人,安静,10,undirected
王夫人,周瑞,23,undirected
王夫人,张罗,6,undirected
王夫人,孙子,9,undirected
王夫人,薛家,3,undirected
王夫人,桂花,6,undirected
王夫人,小红,5,undirected
王夫人,红玉,1,undirected
王夫人,王善保,8,undirected
王夫人,秋桐,4,undirected
王夫人,李十儿,1,undirected
王夫人,张华,1,undirected
王夫人,王子腾,16,undirected
王夫人,马道婆,1,undirected
王夫人,贾雨村,4,undirected
王夫人,水月庵,3,undirected
王夫人,王仁,7,undirected
王夫人,张道士,1,undirected
王夫人,鲍二,1,undirected
王夫人,王太医,3,undirected
王夫人,李氏,9,undirected
王夫人,金荣,1,undirected
王夫人,齐全,9,undirected
王夫人,柳湘莲,2,undirected
王夫人,谢恩,6,undirected
王夫人,邢岫烟,3,undirected
王夫人,老先生,1,undirected
王夫人,道谢,8,undirected
王夫人,相公,5,undirected
薛宝钗,贾政,2,undirected
薛宝钗,薛姨妈,10,undirected
薛宝钗,贾珍,2,undirected
薛宝钗,邢夫人,1,undirected
薛宝钗,尤氏,1,undirected
薛宝钗,薛蟠,4,undirected
薛宝钗,贾芸,1,undirected
薛宝钗,周瑞家,1,undirected
薛宝钗,贾迎春,1,undirected
薛宝钗,贾蓉,1,undirected
薛宝钗,赵姨娘,1,undirected
薛宝钗,和尚,3,undirected
薛宝钗,贾环,1,undirected
薛宝钗,老婆子,1,undirected
薛宝钗,夏金桂,1,undirected
薛宝钗,小姐,1,undirected
薛宝钗,贾惜春,1,undirected
薛宝钗,史湘云,5,undirected
薛宝钗,妙玉,1,undirected
薛宝钗,秋纹,1,undirected
薛宝钗,大老爷,1,undirected
薛宝钗,秦氏,1,undirected
薛宝钗,老嬷嬷,3,undirected
薛宝钗,北静王,1,undirected
薛宝钗,贾府,1,undirected
薛宝钗,何曾,2,undirected
薛宝钗,金钏儿,1,undirected
薛宝钗,祖宗,1,undirected
薛宝钗,梅花,1,undirected
薛宝钗,蒋玉菡,1,undirected
薛宝钗,周瑞,1,undirected
薛宝钗,薛家,1,undirected
薛宝钗,桂花,1,undirected
薛宝钗,李氏,2,undirected
薛宝钗,邢岫烟,1,undirected
薛宝钗,相公,1,undirected
贾琏,贾政,67,undirected
贾琏,薛姨妈,15,undirected
贾琏,贾珍,44,undirected
贾琏,邢夫人,34,undirected
贾琏,紫鹃,3,undirected
贾琏,尤氏,27,undirected
贾琏,薛蟠,6,undirected
贾琏,贾芸,15,undirected
贾琏,周瑞家,10,undirected
贾琏,贾蓉,31,undirected
贾琏,林之孝,13,undirected
贾琏,赵姨娘,5,undirected
贾琏,和尚,9,undirected
贾琏,贾环,13,undirected
贾琏,老婆子,13,undirected
贾琏,尤二姐,20,undirected
贾琏,小姐,2,undirected
贾琏,秦钟,2,undirected
贾琏,史湘云,1,undirected
贾琏,妙玉,1,undirected
贾琏,秋纹,3,undirected
贾琏,雪雁,1,undirected
贾琏,大老爷,8,undirected
贾琏,冯紫英,1,undirected
贾琏,那丫头,3,undirected
贾琏,贾兰,8,undirected
贾琏,秦氏,1,undirected
贾琏,甄士隐,1,undirected
贾琏,司棋,1,undirected
贾琏,巧姐儿,9,undirected
贾琏,那婆子,3,undirected
贾琏,老嬷嬷,3,undirected
贾琏,从小儿,5,undirected
贾琏,王爷,6,undirected
贾琏,邢王二,16,undirected
贾琏,北静王,6,undirected
贾琏,旺儿,13,undirected
贾琏,贾府,13,undirected
贾琏,赖大,19,undirected
贾琏,何曾,3,undirected
贾琏,巧姐,12,undirected
贾琏,金钏儿,2,undirected
贾琏,荣国府,9,undirected
贾琏,丰儿,9,undirected
贾琏,祖宗,7,undirected
贾琏,尤三姐,7,undirected
贾琏,贾妃,1,undirected
贾琏,包勇,5,undirected
贾琏,甄宝玉,1,undirected
贾琏,贾芹,9,undirected
贾琏,贾家,4,undirected
贾琏,贾蔷,8,undirected
贾琏,李贵,1,undirected
贾琏,安静,4,undirected
贾琏,周瑞,15,undirected
贾琏,张罗,4,undirected
贾琏,孙子,6,undirected
贾琏,薛家,1,undirected
贾琏,桂花,1,undirected
贾琏,小红,6,undirected
贾琏,秋桐,10,undirected
贾琏,张华,4,undirected
贾琏,王子腾,9,undirected
贾琏,贾雨村,3,undirected
贾琏,水月庵,5,undirected
贾琏,王仁,8,undirected
贾琏,鲍二,13,undirected
贾琏,王太医,4,undirected
贾琏,李氏,1,undirected
贾琏,齐全,4,undirected
贾琏,柳湘莲,4,undirected
贾琏,谢恩,5,undirected
贾琏,老先生,1,undirected
贾琏,道谢,3,undirected
贾琏,相公,3,undirected
贾政,薛姨妈,19,undirected
贾政,贾珍,42,undirected
贾政,邢夫人,34,undirected
贾政,紫鹃,8,undirected
贾政,尤氏,19,undirected
贾政,薛蟠,10,undirected
贾政,贾芸,7,undirected
贾政,周瑞家,4,undirected
贾政,贾迎春,1,undirected
贾政,贾蓉,15,undirected
贾政,林之孝,9,undirected
贾政,赵姨娘,8,undirected
贾政,和尚,12,undirected
贾政,贾环,26,undirected
贾政,老婆子,5,undirected
贾政,尤二姐,1,undirected
贾政,薛宝琴,1,undirected
贾政,小姐,4,undirected
贾政,秦钟,5,undirected
贾政,贾惜春,1,undirected
贾政,史湘云,2,undirected
贾政,妙玉,4,undirected
贾政,秋纹,2,undirected
贾政,雪雁,3,undirected
贾政,大老爷,23,undirected
贾政,冯紫英,5,undirected
贾政,那丫头,1,undirected
贾政,贾兰,19,undirected
贾政,秦氏,3,undirected
贾政,甄士隐,1,undirected
贾政,司棋,1,undirected
贾政,巧姐儿,3,undirected
贾政,那婆子,3,undirected
贾政,老嬷嬷,4,undirected
贾政,从小儿,6,undirected
贾政,王爷,13,undirected
贾政,邢王二,14,undirected
贾政,北静王,10,undirected
贾政,旺儿,2,undirected
贾政,贾府,11,undirected
贾政,赖大,17,undirected
贾政,玉钏儿,1,undirected
贾政,何曾,3,undirected
贾政,巧姐,6,undirected
贾政,金钏儿,4,undirected
贾政,荣国府,8,undirected
贾政,金陵,6,undirected
贾政,丰儿,3,undirected
贾政,祖宗,9,undirected
贾政,李嬷嬷,1,undirected
贾政,尤三姐,1,undirected
贾政,贾妃,9,undirected
贾政,包勇,6,undirected
贾政,甄宝玉,5,undirected
贾政,贾芹,7,undirected
贾政,贾家,6,undirected
贾政,贾蔷,6,undirected
贾政,李贵,7,undirected
贾政,蒋玉菡,3,undirected
贾政,安静,3,undirected
贾政,周瑞,6,undirected
贾政,张罗,2,undirected
贾政,孙子,7,undirected
贾政,薛家,2,undirected
贾政,桂花,3,undirected
贾政,小红,2,undirected
贾政,王善保,1,undirected
贾政,秋桐,1,undirected
贾政,李十儿,5,undirected
贾政,张华,1,undirected
贾政,王子腾,9,undirected
贾政,贾雨村,2,undirected
贾政,水月庵,5,undirected
贾政,王仁,3,undirected
贾政,鲍二,4,undirected
贾政,李氏,4,undirected
贾政,齐全,3,undirected
贾政,谢恩,10,undirected
贾政,邢岫烟,1,undirected
贾政,老先生,3,undirected
贾政,道谢,4,undirected
贾政,相公,6,undirected
薛姨妈,贾珍,15,undirected
薛姨妈,邢夫人,24,undirected
薛姨妈,紫鹃,10,undirected
薛姨妈,尤氏,18,undirected
薛姨妈,薛蟠,29,undirected
薛姨妈,贾芸,3,undirected
薛姨妈,周瑞家,11,undirected
薛姨妈,贾蓉,7,undirected
薛姨妈,林之孝,4,undirected
薛姨妈,赵姨娘,4,undirected
薛姨妈,和尚,3,undirected
薛姨妈,贾环,9,undirected
薛姨妈,老婆子,8,undirected
薛姨妈,夏金桂,2,undirected
薛姨妈,薛宝琴,1,undirected
薛姨妈,小姐,7,undirected
薛姨妈,史湘云,19,undirected
薛姨妈,妙玉,1,undirected
薛姨妈,秋纹,2,undirected
薛姨妈,雪雁,5,undirected
薛姨妈,大老爷,4,undirected
薛姨妈,那丫头,5,undirected
薛姨妈,贾兰,4,undirected
薛姨妈,司棋,2,undirected
薛姨妈,巧姐儿,6,undirected
薛姨妈,那婆子,3,undirected
薛姨妈,老嬷嬷,6,undirected
薛姨妈,从小儿,8,undirected
薛姨妈,王爷,1,undirected
薛姨妈,邢王二,5,undirected
薛姨妈,北静王,1,undirected
薛姨妈,贾府,11,undirected
薛姨妈,赖大,9,undirected
薛姨妈,玉钏儿,6,undirected
薛姨妈,何曾,7,undirected
薛姨妈,巧姐,6,undirected
薛姨妈,金钏儿,4,undirected
薛姨妈,荣国府,2,undirected
薛姨妈,金陵,2,undirected
薛姨妈,丰儿,3,undirected
薛姨妈,祖宗,20,undirected
薛姨妈,李嬷嬷,3,undirected
薛姨妈,尤三姐,2,undirected
薛姨妈,贾妃,3,undirected
薛姨妈,甄宝玉,1,undirected
薛姨妈,梅花,4,undirected
薛姨妈,贾芹,2,undirected
薛姨妈,贾家,3,undirected
薛姨妈,贾蔷,3,undirected
薛姨妈,李贵,3,undirected
薛姨妈,蒋玉菡,4,undirected
薛姨妈,安静,4,undirected
薛姨妈,周瑞,12,undirected
薛姨妈,张罗,4,undirected
薛姨妈,孙子,4,undirected
薛姨妈,薛家,7,undirected
薛姨妈,桂花,4,undirected
薛姨妈,小红,2,undirected
薛姨妈,李十儿,1,undirected
薛姨妈,王子腾,7,undirected
薛姨妈,贾雨村,2,undirected
薛姨妈,王太医,1,undirected
薛姨妈,李氏,2,undirected
薛姨妈,齐全,4,undirected
薛姨妈,柳湘莲,5,undirected
薛姨妈,雪雁道,2,undirected
薛姨妈,谢恩,2,undirected
薛姨妈,邢岫烟,4,undirected
薛姨妈,道谢,2,undirected
薛姨妈,相公,3,undirected
贾珍,邢夫人,23,undirected
贾珍,紫鹃,1,undirected
贾珍,尤氏,51,undirected
贾珍,薛蟠,10,undirected
贾珍,贾芸,4,undirected
贾珍,周瑞家,2,undirected
贾珍,贾蓉,59,undirected
贾珍,林之孝,6,undirected
贾珍,赵姨娘,1,undirected
贾珍,和尚,3,undirected
贾珍,贾环,9,undirected
贾珍,老婆子,5,undirected
贾珍,尤二姐,9,undirected
贾珍,小姐,8,undirected
贾珍,秦钟,9,undirected
贾珍,史湘云,2,undirected
贾珍,秋纹,1,undirected
贾珍,雪雁,1,undirected
贾珍,大老爷,12,undirected
贾珍,冯紫英,5,undirected
贾珍,贾兰,7,undirected
贾珍,秦氏,9,undirected
贾珍,司棋,1,undirected
贾珍,巧姐儿,1,undirected
贾珍,老嬷嬷,4,undirected
贾珍,从小儿,2,undirected
贾珍,王爷,5,undirected
贾珍,邢王二,5,undirected
贾珍,北静王,5,undirected
贾珍,旺儿,1,undirected
贾珍,贾府,6,undirected
贾珍,赖大,5,undirected
贾珍,何曾,2,undirected
贾珍,巧姐,2,undirected
贾珍,荣国府,7,undirected
贾珍,金陵,1,undirected
贾珍,丰儿,1,undirected
贾珍,祖宗,10,undirected
贾珍,贾瑞,2,undirected
贾珍,尤三姐,5,undirected
贾珍,贾妃,2,undirected
贾珍,包勇,1,undirected
贾珍,梅花,2,undirected
贾珍,贾芹,6,undirected
贾珍,贾家,3,undirected
贾珍,贾蔷,6,undirected
贾珍,李贵,2,undirected
贾珍,安静,1,undirected
贾珍,周瑞,5,undirected
贾珍,张罗,1,undirected
贾珍,孙子,3,undirected
贾珍,薛家,1,undirected
贾珍,桂花,1,undirected
贾珍,小红,1,undirected
贾珍,王善保,1,undirected
贾珍,张华,4,undirected
贾珍,王子腾,1,undirected
贾珍,水月庵,1,undirected
贾珍,张道士,6,undirected
贾珍,鲍二,9,undirected
贾珍,王太医,2,undirected
贾珍,李氏,1,undirected
贾珍,金荣,1,undirected
贾珍,齐全,5,undirected
贾珍,柳湘莲,3,undirected
贾珍,谢恩,4,undirected
贾珍,老先生,1,undirected
贾珍,道谢,1,undirected
贾珍,相公,1,undirected
邢夫人,紫鹃,5,undirected
邢夫人,尤氏,40,undirected
邢夫人,薛蟠,4,undirected
邢夫人,贾芸,10,undirected
邢夫人,周瑞家,7,undirected
邢夫人,贾蓉,19,undirected
邢夫人,林之孝,7,undirected
邢夫人,赵姨娘,6,undirected
邢夫人,和尚,1,undirected
邢夫人,贾环,16,undirected
邢夫人,老婆子,6,undirected
邢夫人,尤二姐,3,undirected
邢夫人,薛宝琴,3,undirected
邢夫人,小姐,4,undirected
邢夫人,秦钟,1,undirected
邢夫人,史湘云,5,undirected
邢夫人,秋纹,1,undirected
邢夫人,雪雁,1,undirected
邢夫人,大老爷,18,undirected
邢夫人,冯紫英,1,undirected
邢夫人,那丫头,3,undirected
邢夫人,贾兰,11,undirected
邢夫人,秦氏,1,undirected
邢夫人,司棋,3,undirected
邢夫人,巧姐儿,12,undirected
邢夫人,那婆子,2,undirected
邢夫人,老嬷嬷,2,undirected
邢夫人,从小儿,8,undirected
邢夫人,王爷,4,undirected
邢夫人,邢王二,13,undirected
邢夫人,北静王,2,undirected
邢夫人,旺儿,1,undirected
邢夫人,贾府,6,undirected
邢夫人,赖大,10,undirected
邢夫人,何曾,2,undirected
邢夫人,巧姐,16,undirected
邢夫人,荣国府,1,undirected
邢夫人,丰儿,4,undirected
邢夫人,祖宗,14,undirected
邢夫人,贾瑞,1,undirected
邢夫人,贾妃,2,undirected
邢夫人,包勇,1,undirected
邢夫人,梅花,1,undirected
邢夫人,贾芹,3,undirected
邢夫人,贾家,3,undirected
邢夫人,贾蔷,3,undirected
邢夫人,李贵,4,undirected
邢夫人,安静,3,undirected
邢夫人,周瑞,7,undirected
邢夫人,张罗,4,undirected
邢夫人,孙子,9,undirected
邢夫人,薛家,2,undirected
邢夫人,桂花,1,undirected
邢夫人,小红,1,undirected
邢夫人,王善保,5,undirected
邢夫人,秋桐,4,undirected
邢夫人,张华,1,undirected
邢夫人,王子腾,4,undirected
邢夫人,马道婆,1,undirected
邢夫人,贾雨村,1,undirected
邢夫人,水月庵,1,undirected
邢夫人,王仁,5,undirected
邢夫人,鲍二,2,undirected
邢夫人,王太医,1,undirected
邢夫人,李氏,1,undirected
邢夫人,齐全,7,undirected
邢夫人,谢恩,2,undirected
邢夫人,邢岫烟,6,undirected
邢夫人,道谢,1,undirected
邢夫人,相公,1,undirected
紫鹃,尤氏,2,undirected
紫鹃,贾芸,1,undirected
紫鹃,周瑞家,2,undirected
紫鹃,林之孝,3,undirected
紫鹃,赵姨娘,2,undirected
紫鹃,和尚,4,undirected
紫鹃,贾环,3,undirected
紫鹃,老婆子,7,undirected
紫鹃,薛宝琴,1,undirected
紫鹃,小姐,4,undirected
紫鹃,史湘云,6,undirected
紫鹃,妙玉,2,undirected
紫鹃,秋纹,11,undirected
紫鹃,雪雁,41,undirected
紫鹃,大老爷,2,undirected
紫鹃,那丫头,3,undirected
紫鹃,贾兰,4,undirected
紫鹃,司棋,3,undirected
紫鹃,巧姐儿,1,undirected
紫鹃,那婆子,2,undirected
紫鹃,老嬷嬷,3,undirected
紫鹃,从小儿,5,undirected
紫鹃,邢王二,4,undirected
紫鹃,贾府,3,undirected
紫鹃,赖大,1,undirected
紫鹃,玉钏儿,2,undirected
紫鹃,何曾,1,undirected
紫鹃,巧姐,1,undirected
紫鹃,荣国府,2,undirected
紫鹃,金陵,1,undirected
紫鹃,丰儿,1,undirected
紫鹃,祖宗,1,undirected
紫鹃,甄宝玉,1,undirected
紫鹃,贾家,1,undirected
紫鹃,安静,2,undirected
紫鹃,周瑞,2,undirected
紫鹃,张罗,1,undirected
紫鹃,小红,3,undirected
紫鹃,王善保,1,undirected
紫鹃,王子腾,1,undirected
紫鹃,贾雨村,1,undirected
紫鹃,王仁,1,undirected
紫鹃,王太医,3,undirected
紫鹃,李氏,1,undirected
紫鹃,齐全,2,undirected
紫鹃,雪雁道,9,undirected
紫鹃,邢岫烟,2,undirected
紫鹃,老先生,1,undirected
紫鹃,道谢,3,undirected
紫鹃,相公,1,undirected
尤氏,薛蟠,4,undirected
尤氏,贾芸,5,undirected
尤氏,周瑞家,4,undirected
尤氏,贾蓉,42,undirected
尤氏,林之孝,8,undirected
尤氏,赵姨娘,5,undirected
尤氏,和尚,5,undirected
尤氏,贾环,9,undirected
尤氏,老婆子,7,undirected
尤氏,尤二姐,12,undirected
尤氏,小姐,6,undirected
尤氏,秦钟,6,undirected
尤氏,史湘云,5,undirected
尤氏,妙玉,3,undirected
尤氏,雪雁,1,undirected
尤氏,大老爷,11,undirected
尤氏,冯紫英,4,undirected
尤氏,那丫头,1,undirected
尤氏,贾兰,8,undirected
尤氏,秦氏,12,undirected
尤氏,司棋,2,undirected
尤氏,老嬷嬷,4,undirected
尤氏,从小儿,4,undirected
尤氏,王爷,3,undirected
尤氏,邢王二,7,undirected
尤氏,北静王,2,undirected
尤氏,旺儿,1,undirected
尤氏,贾府,6,undirected
尤氏,赖大,6,undirected
尤氏,玉钏儿,1,undirected
尤氏,何曾,4,undirected
尤氏,荣国府,3,undirected
尤氏,祖宗,23,undirected
尤氏,贾瑞,1,undirected
尤氏,尤三姐,3,undirected
尤氏,贾妃,2,undirected
尤氏,包勇,2,undirected
尤氏,梅花,2,undirected
尤氏,贾芹,4,undirected
尤氏,贾家,5,undirected
尤氏,贾蔷,4,undirected
尤氏,李贵,3,undirected
尤氏,安静,2,undirected
尤氏,周瑞,5,undirected
尤氏,张罗,3,undirected
尤氏,孙子,4,undirected
尤氏,薛家,2,undirected
尤氏,桂花,2,undirected
尤氏,王善保,2,undirected
尤氏,秋桐,1,undirected
尤氏,张华,3,undirected
尤氏,王子腾,2,undirected
尤氏,水月庵,1,undirected
尤氏,张道士,1,undirected
尤氏,鲍二,3,undirected
尤氏,王太医,1,undirected
尤氏,李氏,4,undirected
尤氏,齐全,5,undirected
尤氏,谢恩,3,undirected
尤氏,邢岫烟,1,undirected
尤氏,相公,1,undirected
薛蟠,周瑞家,1,undirected
薛蟠,贾蓉,4,undirected
薛蟠,贾环,2,undirected
薛蟠,老婆子,3,undirected
薛蟠,夏金桂,2,undirected
薛蟠,尤二姐,1,undirected
薛蟠,薛宝琴,1,undirected
薛蟠,小姐,3,undirected
薛蟠,秦钟,3,undirected
薛蟠,冯紫英,7,undirected
薛蟠,贾兰,1,undirected
薛蟠,秦氏,1,undirected
薛蟠,司棋,1,undirected
薛蟠,那婆子,1,undirected
薛蟠,老嬷嬷,1,undirected
薛蟠,从小儿,4,undirected
薛蟠,王爷,1,undirected
薛蟠,北静王,1,undirected
薛蟠,贾府,10,undirected
薛蟠,赖大,2,undirected
薛蟠,何曾,3,undirected
薛蟠,荣国府,2,undirected
薛蟠,金陵,4,undirected
薛蟠,丰儿,1,undirected
薛蟠,祖宗,1,undirected
薛蟠,贾瑞,1,undirected
薛蟠,尤三姐,4,undirected
薛蟠,贾家,3,undirected
薛蟠,贾蔷,1,undirected
薛蟠,蒋玉菡,5,undirected
薛蟠,安静,3,undirected
薛蟠,周瑞,1,undirected
薛蟠,张罗,3,undirected
薛蟠,薛家,11,undirected
薛蟠,桂花,3,undirected
薛蟠,王善保,1,undirected
薛蟠,李十儿,1,undirected
薛蟠,王子腾,4,undirected
薛蟠,贾雨村,1,undirected
薛蟠,王仁,1,undirected
薛蟠,金荣,1,undirected
薛蟠,齐全,1,undirected
薛蟠,柳湘莲,7,undirected
薛蟠,邢岫烟,2,undirected
薛蟠,道谢,2,undirected
薛蟠,相公,1,undirected
贾芸,周瑞家,2,undirected
贾芸,贾蓉,3,undirected
贾芸,林之孝,6,undirected
贾芸,赵姨娘,2,undirected
贾芸,和尚,2,undirected
贾芸,贾环,7,undirected
贾芸,老婆子,1,undirected
贾芸,小姐,2,undirected
贾芸,秦钟,1,undirected
贾芸,妙玉,1,undirected
贾芸,秋纹,2,undirected
贾芸,雪雁,1,undirected
贾芸,大老爷,1,undirected
贾芸,那丫头,2,undirected
贾芸,贾兰,2,undirected
贾芸,秦氏,1,undirected
贾芸,巧姐儿,8,undirected
贾芸,那婆子,1,undirected
贾芸,老嬷嬷,2,undirected
贾芸,王爷,2,undirected
贾芸,邢王二,5,undirected
贾芸,北静王,2,undirected
贾芸,贾府,1,undirected
贾芸,何曾,2,undirected
贾芸,巧姐,9,undirected
贾芸,荣国府,5,undirected
贾芸,丰儿,1,undirected
贾芸,祖宗,1,undirected
贾芸,包勇,3,undirected
贾芸,贾芹,5,undirected
贾芸,贾家,2,undirected
贾芸,贾蔷,6,undirected
贾芸,安静,1,undirected
贾芸,周瑞,6,undirected
贾芸,孙子,1,undirected
贾芸,桂花,1,undirected
贾芸,小红,5,undirected
贾芸,红玉,7,undirected
贾芸,王子腾,1,undirected
贾芸,贾雨村,1,undirected
贾芸,王仁,8,undirected
贾芸,倪二,8,undirected
贾芸,鲍二,2,undirected
周瑞家,林之孝,3,undirected
周瑞家,赵姨娘,1,undirected
周瑞家,和尚,2,undirected
周瑞家,老婆子,4,undirected
周瑞家,尤二姐,1,undirected
周瑞家,小姐,4,undirected
周瑞家,雪雁,1,undirected
周瑞家,大老爷,1,undirected
周瑞家,那丫头,3,undirected
周瑞家,秦氏,1,undirected
周瑞家,司棋,5,undirected
周瑞家,巧姐儿,1,undirected
周瑞家,老嬷嬷,4,undirected
周瑞家,邢王二,2,undirected
周瑞家,北静王,1,undirected
周瑞家,旺儿,2,undirected
周瑞家,贾府,4,undirected
周瑞家,赖大,4,undirected
周瑞家,何曾,2,undirected
周瑞家,巧姐,1,undirected
周瑞家,金钏儿,2,undirected
周瑞家,荣国府,4,undirected
周瑞家,丰儿,4,undirected
周瑞家,祖宗,1,undirected
周瑞家,包勇,1,undirected
周瑞家,梅花,1,undirected
周瑞家,周瑞,60,undirected
周瑞家,张罗,1,undirected
周瑞家,孙子,1,undirected
周瑞家,薛家,1,undirected
周瑞家,小红,1,undirected
周瑞家,王善保,5,undirected
周瑞家,王子腾,1,undirected
周瑞家,水月庵,1,undirected
周瑞家,鲍二,1,undirected
周瑞家,李氏,1,undirected
周瑞家,齐全,1,undirected
周瑞家,道谢,2,undirected
贾迎春,老嬷嬷,1,undirected
贾迎春,金钏儿,1,undirected
贾迎春,薛家,1,undirected
贾迎春,李氏,1,undirected
贾蓉,林之孝,4,undirected
贾蓉,和尚,2,undirected
贾蓉,贾环,7,undirected
贾蓉,老婆子,4,undirected
贾蓉,尤二姐,7,undirected
贾蓉,小姐,4,undirected
贾蓉,秦钟,5,undirected
贾蓉,史湘云,1,undirected
贾蓉,妙玉,1,undirected
贾蓉,大老爷,7,undirected
贾蓉,冯紫英,4,undirected
贾蓉,贾兰,7,undirected
贾蓉,秦氏,12,undirected
贾蓉,老嬷嬷,3,undirected
贾蓉,从小儿,1,undirected
贾蓉,王爷,6,undirected
贾蓉,邢王二,3,undirected
贾蓉,北静王,2,undirected
贾蓉,旺儿,2,undirected
贾蓉,贾府,6,undirected
贾蓉,赖大,5,undirected
贾蓉,何曾,2,undirected
贾蓉,荣国府,1,undirected
贾蓉,金陵,1,undirected
贾蓉,丰儿,1,undirected
贾蓉,祖宗,11,undirected
贾蓉,贾瑞,5,undirected
贾蓉,尤三姐,4,undirected
贾蓉,贾妃,1,undirected
贾蓉,梅花,2,undirected
贾蓉,贾芹,4,undirected
贾蓉,贾家,6,undirected
贾蓉,贾蔷,8,undirected
贾蓉,李贵,1,undirected
贾蓉,安静,1,undirected
贾蓉,张罗,1,undirected
贾蓉,孙子,2,undirected
贾蓉,桂花,1,undirected
贾蓉,小红,1,undirected
贾蓉,王善保,2,undirected
贾蓉,张华,6,undirected
贾蓉,王子腾,2,undirected
贾蓉,水月庵,1,undirected
贾蓉,张道士,1,undirected
贾蓉,鲍二,2,undirected
贾蓉,王太医,1,undirected
贾蓉,金荣,2,undirected
贾蓉,齐全,2,undirected
贾蓉,柳湘莲,1,undirected
贾蓉,谢恩,2,undirected
贾蓉,老先生,1,undirected
贾蓉,相公,1,undirected
林之孝,赵姨娘,3,undirected
林之孝,贾环,3,undirected
林之孝,老婆子,3,undirected
林之孝,小姐,2,undirected
林之孝,妙玉,3,undirected
林之孝,雪雁,1,undirected
林之孝,大老爷,3,undirected
林之孝,贾兰,1,undirected
林之孝,司棋,2,undirected
林之孝,老嬷嬷,1,undirected
林之孝,王爷,1,undirected
林之孝,邢王二,1,undirected
林之孝,北静王,2,undirected
林之孝,旺儿,1,undirected
林之孝,贾府,1,undirected
林之孝,赖大,6,undirected
林之孝,玉钏儿,4,undirected
林之孝,何曾,1,undirected
林之孝,荣国府,2,undirected
林之孝,丰儿,1,undirected
林之孝,祖宗,1,undirected
林之孝,尤三姐,1,undirected
林之孝,包勇,2,undirected
林之孝,贾芹,2,undirected
林之孝,贾蔷,2,undirected
林之孝,李贵,1,undirected
林之孝,周瑞,7,undirected
林之孝,孙子,1,undirected
林之孝,小红,1,undirected
林之孝,红玉,1,undirected
林之孝,秋桐,1,undirected
林之孝,王子腾,2,undirected
林之孝,鲍二,4,undirected
林之孝,雪雁道,1,undirected
林之孝,邢岫烟,1,undirected
林之孝,相公,1,undirected
赵姨娘,和尚,3,undirected
赵姨娘,贾环,22,undirected
赵姨娘,老婆子,2,undirected
赵姨娘,尤二姐,1,undirected
赵姨娘,小姐,1,undirected
赵姨娘,史湘云,2,undirected
赵姨娘,雪雁,1,undirected
赵姨娘,大老爷,3,undirected
赵姨娘,那丫头,2,undirected
赵姨娘,贾兰,1,undirected
赵姨娘,司棋,3,undirected
赵姨娘,巧姐儿,3,undirected
赵姨娘,那婆子,1,undirected
赵姨娘,邢王二,3,undirected
赵姨娘,旺儿,1,undirected
赵姨娘,贾府,1,undirected
赵姨娘,玉钏儿,5,undirected
赵姨娘,何曾,3,undirected
赵姨娘,巧姐,4,undirected
赵姨娘,金钏儿,1,undirected
赵姨娘,荣国府,1,undirected
赵姨娘,丰儿,2,undirected
赵姨娘,祖宗,3,undirected
赵姨娘,贾家,1,undirected
赵姨娘,贾蔷,2,undirected
赵姨娘,安静,2,undirected
赵姨娘,周瑞,1,undirected
赵姨娘,张罗,1,undirected
赵姨娘,孙子,1,undirected
赵姨娘,桂花,1,undirected
赵姨娘,小红,2,undirected
赵姨娘,马道婆,4,undirected
赵姨娘,王仁,1,undirected
赵姨娘,李氏,1,undirected
和尚,贾环,3,undirected
和尚,老婆子,1,undirected
和尚,尤二姐,2,undirected
和尚,小姐,2,undirected
和尚,秦钟,1,undirected
和尚,史湘云,1,undirected
和尚,妙玉,2,undirected
和尚,秋纹,2,undirected
和尚,大老爷,1,undirected
和尚,贾兰,2,undirected
和尚,秦氏,1,undirected
和尚,从小儿,2,undirected
和尚,王爷,1,undirected
和尚,玉钏儿,2,undirected
和尚,何曾,1,undirected
和尚,巧姐,1,undirected
和尚,荣国府,2,undirected
和尚,祖宗,2,undirected
和尚,尤三姐,2,undirected
和尚,包勇,1,undirected
和尚,贾芹,3,undirected
和尚,贾家,1,undirected
和尚,贾蔷,2,undirected
和尚,李贵,2,undirected
和尚,周瑞,2,undirected
和尚,张罗,2,undirected
和尚,孙子,1,undirected
和尚,红玉,1,undirected
和尚,秋桐,1,undirected
和尚,王子腾,1,undirected
和尚,水月庵,1,undirected
和尚,倪二,1,undirected
和尚,张道士,2,undirected
和尚,鲍二,1,undirected
贾环,老婆子,2,undirected
贾环,薛宝琴,1,undirected
贾环,小姐,3,undirected
贾环,秦钟,1,undirected
贾环,史湘云,4,undirected
贾环,妙玉,1,undirected
贾环,秋纹,1,undirected
贾环,雪雁,1,undirected
贾环,大老爷,4,undirected
贾环,那丫头,2,undirected
贾环,贾兰,27,undirected
贾环,司棋,1,undirected
贾环,巧姐儿,8,undirected
贾环,那婆子,1,undirected
贾环,老嬷嬷,1,undirected
贾环,从小儿,1,undirected
贾环,王爷,2,undirected
贾环,邢王二,5,undirected
贾环,北静王,2,undirected
贾环,旺儿,1,undirected
贾环,贾府,1,undirected
贾环,赖大,2,undirected
贾环,玉钏儿,3,undirected
贾环,巧姐,11,undirected
贾环,金钏儿,3,undirected
贾环,丰儿,2,undirected
贾环,祖宗,2,undirected
贾环,尤三姐,1,undirected
贾环,贾妃,2,undirected
贾环,甄宝玉,3,undirected
贾环,贾芹,1,undirected
贾环,贾家,3,undirected
贾环,贾蔷,5,undirected
贾环,李贵,1,undirected
贾环,安静,2,undirected
贾环,孙子,3,undirected
贾环,桂花,3,undirected
贾环,小红,1,undirected
贾环,王善保,1,undirected
贾环,王子腾,1,undirected
贾环,马道婆,1,undirected
贾环,贾雨村,1,undirected
贾环,王仁,3,undirected
贾环,李氏,1,undirected
贾环,齐全,1,undirected
贾环,邢岫烟,2,undirected
贾环,道谢,1,undirected
老婆子,尤二姐,3,undirected
老婆子,小姐,5,undirected
老婆子,秦钟,2,undirected
老婆子,史湘云,1,undirected
老婆子,妙玉,3,undirected
老婆子,秋纹,7,undirected
老婆子,雪雁,4,undirected
老婆子,大老爷,5,undirected
老婆子,冯紫英,1,undirected
老婆子,那丫头,5,undirected
老婆子,贾兰,1,undirected
老婆子,司棋,3,undirected
老婆子,巧姐儿,1,undirected
老婆子,那婆子,15,undirected
老婆子,老嬷嬷,5,undirected
老婆子,从小儿,5,undirected
老婆子,邢王二,2,undirected
老婆子,北静王,1,undirected
老婆子,旺儿,2,undirected
老婆子,贾府,1,undirected
老婆子,赖大,3,undirected
老婆子,玉钏儿,1,undirected
老婆子,何曾,2,undirected
老婆子,巧姐,1,undirected
老婆子,金钏儿,1,undirected
老婆子,丰儿,4,undirected
老婆子,祖宗,1,undirected
老婆子,李嬷嬷,2,undirected
老婆子,贾瑞,1,undirected
老婆子,尤三姐,1,undirected
老婆子,包勇,1,undirected
老婆子,梅花,1,undirected
老婆子,贾家,2,undirected
老婆子,蒋玉菡,1,undirected
老婆子,安静,2,undirected
老婆子,周瑞,5,undirected
老婆子,张罗,2,undirected
老婆子,薛家,2,undirected
老婆子,桂花,1,undirected
老婆子,小红,1,undirected
老婆子,红玉,1,undirected
老婆子,王善保,2,undirected
老婆子,秋桐,1,undirected
老婆子,张华,1,undirected
老婆子,鲍二,2,undirected
老婆子,王太医,3,undirected
老婆子,李氏,2,undirected
老婆子,金荣,1,undirected
老婆子,柳湘莲,2,undirected
老婆子,雪雁道,2,undirected
老婆子,谢恩,1,undirected
老婆子,邢岫烟,1,undirected
老婆子,道谢,3,undirected
夏金桂,小姐,1,undirected
夏金桂,贾府,1,undirected
夏金桂,薛家,1,undirected
夏金桂,桂花,1,undirected
夏金桂,邢岫烟,1,undirected
尤二姐,小姐,1,undirected
尤二姐,大老爷,1,undirected
尤二姐,那丫头,1,undirected
尤二姐,王爷,1,undirected
尤二姐,邢王二,1,undirected
尤二姐,北静王,1,undirected
尤二姐,旺儿,3,undirected
尤二姐,贾府,4,undirected
尤二姐,祖宗,4,undirected
尤二姐,尤三姐,5,undirected
尤二姐,贾家,2,undirected
尤二姐,安静,1,undirected
尤二姐,周瑞,2,undirected
尤二姐,张罗,1,undirected
尤二姐,秋桐,7,undirected
尤二姐,张华,5,undirected
尤二姐,鲍二,5,undirected
尤二姐,王太医,1,undirected
尤二姐,齐全,1,undirected
尤二姐,柳湘莲,3,undirected
尤二姐,谢恩,1,undirected
薛宝琴,史湘云,2,undirected
薛宝琴,雪雁,1,undirected
薛宝琴,贾兰,1,undirected
薛宝琴,邢王二,1,undirected
薛宝琴,安静,1,undirected
薛宝琴,王仁,1,undirected
薛宝琴,邢岫烟,2,undirected
小姐,史湘云,1,undirected
小姐,妙玉,1,undirected
小姐,大老爷,3,undirected
小姐,那丫头,2,undirected
小姐,贾兰,1,undirected
小姐,秦氏,1,undirected
小姐,司棋,4,undirected
小姐,巧姐儿,2,undirected
小姐,那婆子,1,undirected
小姐,老嬷嬷,6,undirected
小姐,从小儿,2,undirected
小姐,王爷,1,undirected
小姐,北静王,1,undirected
小姐,旺儿,1,undirected
小姐,贾府,4,undirected
小姐,赖大,1,undirected
小姐,何曾,3,undirected
小姐,巧姐,3,undirected
小姐,荣国府,2,undirected
小姐,金陵,3,undirected
小姐,祖宗,2,undirected
小姐,贾芹,1,undirected
小姐,贾家,1,undirected
小姐,贾蔷,3,undirected
小姐,安静,3,undirected
小姐,周瑞,4,undirected
小姐,张罗,1,undirected
小姐,孙子,2,undirected
小姐,薛家,1,undirected
小姐,桂花,3,undirected
小姐,红玉,1,undirected
小姐,王善保,3,undirected
小姐,水月庵,1,undirected
小姐,王仁,1,undirected
小姐,张道士,3,undirected
小姐,齐全,1,undirected
小姐,谢恩,1,undirected
小姐,相公,2,undirected
秦钟,大老爷,1,undirected
秦钟,那丫头,1,undirected
秦钟,贾兰,3,undirected
秦钟,秦氏,7,undirected
秦钟,从小儿,3,undirected
秦钟,何曾,1,undirected
秦钟,荣国府,1,undirected
秦钟,祖宗,3,undirected
秦钟,贾瑞,6,undirected
秦钟,贾芹,1,undirected
秦钟,贾家,5,undirected
秦钟,贾蔷,3,undirected
秦钟,李贵,6,undirected
秦钟,张罗,1,undirected
秦钟,孙子,1,undirected
秦钟,王子腾,1,undirected
秦钟,贾雨村,1,undirected
秦钟,水月庵,2,undirected
秦钟,金荣,8,undirected
秦钟,柳湘莲,1,undirected
秦钟,谢恩,1,undirected
秦钟,道谢,1,undirected
秦钟,相公,7,undirected
贾惜春,贾府,1,undirected
史湘云,妙玉,1,undirected
史湘云,秋纹,1,undirected
史湘云,雪雁,3,undirected
史湘云,大老爷,1,undirected
史湘云,贾兰,2,undirected
史湘云,司棋,1,undirected
史湘云,那婆子,1,undirected
史湘云,老嬷嬷,1,undirected
史湘云,从小儿,1,undirected
史湘云,王爷,1,undirected
史湘云,邢王二,4,undirected
史湘云,玉钏儿,1,undirected
史湘云,何曾,1,undirected
史湘云,金钏儿,2,undirected
史湘云,金陵,1,undirected
史湘云,祖宗,4,undirected
史湘云,贾妃,1,undirected
史湘云,梅花,3,undirected
史湘云,贾蔷,1,undirected
史湘云,李贵,1,undirected
史湘云,安静,2,undirected
史湘云,张罗,2,undirected
史湘云,孙子,2,undirected
史湘云,薛家,1,undirected
史湘云,桂花,5,undirected
史湘云,贾雨村,1,undirected
史湘云,李氏,1,undirected
史湘云,齐全,1,undirected
史湘云,邢岫烟,4,undirected
史湘云,道谢,1,undirected
妙玉,那婆子,1,undirected
妙玉,老嬷嬷,2,undirected
妙玉,邢王二,1,undirected
妙玉,贾府,1,undirected
妙玉,巧姐,1,undirected
妙玉,祖宗,1,undirected
妙玉,包勇,5,undirected
妙玉,梅花,4,undirected
妙玉,贾家,1,undirected
妙玉,贾蔷,1,undirected
妙玉,张罗,1,undirected
妙玉,秋桐,1,undirected
妙玉,贾雨村,1,undirected
妙玉,邢岫烟,2,undirected
妙玉,相公,1,undirected
秋纹,雪雁,2,undirected
秋纹,那丫头,3,undirected
秋纹,贾兰,1,undirected
秋纹,司棋,1,undirected
秋纹,巧姐儿,1,undirected
秋纹,那婆子,4,undirected
秋纹,老嬷嬷,3,undirected
秋纹,从小儿,3,undirected
秋纹,北静王,1,undirected
秋纹,赖大,2,undirected
秋纹,玉钏儿,1,undirected
秋纹,何曾,3,undirected
秋纹,巧姐,2,undirected
秋纹,金钏儿,1,undirected
秋纹,荣国府,1,undirected
秋纹,祖宗,2,undirected
秋纹,安静,1,undirected
秋纹,桂花,2,undirected
秋纹,小红,2,undirected
秋纹,红玉,1,undirected
秋纹,王善保,1,undirected
秋纹,齐全,1,undirected
雪雁,那丫头,1,undirected
雪雁,贾兰,1,undirected
雪雁,司棋,1,undirected
雪雁,巧姐儿,1,undirected
雪雁,那婆子,3,undirected
雪雁,老嬷嬷,1,undirected
雪雁,邢王二,2,undirected
雪雁,贾府,1,undirected
雪雁,玉钏儿,1,undirected
雪雁,巧姐,1,undirected
雪雁,荣国府,1,undirected
雪雁,金陵,1,undirected
雪雁,丰儿,1,undirected
雪雁,李嬷嬷,2,undirected
雪雁,贾家,1,undirected
雪雁,周瑞,1,undirected
雪雁,张罗,1,undirected
雪雁,桂花,1,undirected
雪雁,小红,3,undirected
雪雁,王太医,1,undirected
雪雁,李氏,1,undirected
雪雁,齐全,2,undirected
雪雁,雪雁道,11,undirected
雪雁,邢岫烟,1,undirected
雪雁,道谢,1,undirected
大老爷,冯紫英,2,undirected
大老爷,贾兰,5,undirected
大老爷,秦氏,2,undirected
大老爷,司棋,2,undirected
大老爷,巧姐儿,4,undirected
大老爷,老嬷嬷,1,undirected
大老爷,从小儿,4,undirected
大老爷,王爷,5,undirected
大老爷,邢王二,4,undirected
大老爷,北静王,2,undirected
大老爷,旺儿,1,undirected
大老爷,贾府,2,undirected
大老爷,赖大,2,undirected
大老爷,玉钏儿,1,undirected
大老爷,何曾,2,undirected
大老爷,巧姐,6,undirected
大老爷,金陵,1,undirected
大老爷,祖宗,4,undirected
大老爷,尤三姐,1,undirected
大老爷,贾家,2,undirected
大老爷,李贵,1,undirected
大老爷,蒋玉菡,1,undirected
大老爷,周瑞,1,undirected
大老爷,张罗,1,undirected
大老爷,孙子,1,undirected
大老爷,薛家,1,undirected
大老爷,王善保,1,undirected
大老爷,张华,1,undirected
大老爷,王子腾,1,undirected
大老爷,马道婆,1,undirected
大老爷,王仁,1,undirected
大老爷,张道士,1,undirected
大老爷,鲍二,1,undirected
大老爷,齐全,3,undirected
大老爷,柳湘莲,1,undirected
大老爷,谢恩,4,undirected
大老爷,老先生,1,undirected
大老爷,道谢,1,undirected
大老爷,相公,1,undirected
冯紫英,秦氏,2,undirected
冯紫英,甄士隐,1,undirected
冯紫英,那婆子,1,undirected
冯紫英,北静王,1,undirected
冯紫英,贾府,1,undirected
冯紫英,何曾,1,undirected
冯紫英,蒋玉菡,4,undirected
冯紫英,桂花,1,undirected
冯紫英,贾雨村,1,undirected
冯紫英,张道士,1,undirected
冯紫英,老先生,1,undirected
那丫头,司棋,2,undirected
那丫头,巧姐儿,3,undirected
那丫头,那婆子,1,undirected
那丫头,老嬷嬷,1,undirected
那丫头,贾府,1,undirected
那丫头,何曾,1,undirected
那丫头,巧姐,4,undirected
那丫头,祖宗,1,undirected
那丫头,安静,1,undirected
那丫头,周瑞,3,undirected
那丫头,桂花,1,undirected
那丫头,小红,4,undirected
那丫头,王善保,3,undirected
那丫头,秋桐,1,undirected
那丫头,鲍二,1,undirected
那丫头,道谢,1,undirected
贾兰,秦氏,1,undirected
贾兰,巧姐儿,3,undirected
贾兰,老嬷嬷,1,undirected
贾兰,王爷,2,undirected
贾兰,邢王二,2,undirected
贾兰,北静王,2,undirected
贾兰,贾府,1,undirected
贾兰,赖大,1,undirected
贾兰,玉钏儿,1,undirected
贾兰,何曾,1,undirected
贾兰,巧姐,5,undirected
贾兰,荣国府,1,undirected
贾兰,金陵,2,undirected
贾兰,祖宗,1,undirected
贾兰,贾瑞,2,undirected
贾兰,贾妃,3,undirected
贾兰,甄宝玉,6,undirected
贾兰,贾芹,1,undirected
贾兰,贾家,1,undirected
贾兰,贾蔷,5,undirected
贾兰,李贵,1,undirected
贾兰,孙子,2,undirected
贾兰,桂花,2,undirected
贾兰,王善保,1,undirected
贾兰,王仁,1,undirected
贾兰,李氏,2,undirected
贾兰,金荣,2,undirected
贾兰,齐全,1,undirected
贾兰,谢恩,1,undirected
贾兰,邢岫烟,2,undirected
贾兰,老先生,1,undirected
贾兰,相公,1,undirected
秦氏,老嬷嬷,1,undirected
秦氏,从小儿,1,undirected
秦氏,邢王二,1,undirected
秦氏,何曾,1,undirected
秦氏,丰儿,1,undirected
秦氏,祖宗,2,undirected
秦氏,贾瑞,1,undirected
秦氏,尤三姐,1,undirected
秦氏,贾芹,1,undirected
秦氏,贾蔷,1,undirected
秦氏,周瑞,1,undirected
秦氏,张罗,3,undirected
秦氏,小红,1,undirected
秦氏,水月庵,1,undirected
秦氏,老先生,1,undirected
秦氏,相公,3,undirected
甄士隐,贾雨村,4,undirected
甄士隐,老先生,2,undirected
司棋,巧姐儿,1,undirected
司棋,老嬷嬷,3,undirected
司棋,从小儿,3,undirected
司棋,邢王二,1,undirected
司棋,旺儿,1,undirected
司棋,玉钏儿,3,undirected
司棋,何曾,3,undirected
司棋,巧姐,1,undirected
司棋,荣国府,1,undirected
司棋,丰儿,1,undirected
司棋,祖宗,1,undirected
司棋,周瑞,5,undirected
司棋,桂花,1,undirected
司棋,小红,1,undirected
司棋,红玉,2,undirected
司棋,王善保,3,undirected
司棋,李氏,1,undirected
司棋,齐全,1,undirected
司棋,道谢,1,undirected
巧姐儿,那婆子,1,undirected
巧姐儿,老嬷嬷,1,undirected
巧姐儿,王爷,1,undirected
巧姐儿,邢王二,2,undirected
巧姐儿,贾府,2,undirected
巧姐儿,赖大,1,undirected
巧姐儿,何曾,1,undirected
巧姐儿,巧姐,31,undirected
巧姐儿,荣国府,1,undirected
巧姐儿,丰儿,4,undirected
巧姐儿,祖宗,1,undirected
巧姐儿,贾家,1,undirected
巧姐儿,贾蔷,1,undirected
巧姐儿,安静,2,undirected
巧姐儿,周瑞,1,undirected
巧姐儿,孙子,1,undirected
巧姐儿,桂花,1,undirected
巧姐儿,小红,7,undirected
巧姐儿,秋桐,2,undirected
巧姐儿,王子腾,1,undirected
巧姐儿,王仁,6,undirected
巧姐儿,李氏,1,undirected
巧姐儿,齐全,1,undirected
巧姐儿,邢岫烟,1,undirected
那婆子,老嬷嬷,1,undirected
那婆子,从小儿,2,undirected
那婆子,邢王二,1,undirected
那婆子,贾府,1,undirected
那婆子,赖大,1,undirected
那婆子,巧姐,1,undirected
那婆子,荣国府,1,undirected
那婆子,祖宗,1,undirected
那婆子,贾瑞,1,undirected
那婆子,包勇,1,undirected
那婆子,蒋玉菡,1,undirected
那婆子,安静,2,undirected
那婆子,张罗,1,undirected
那婆子,桂花,1,undirected
那婆子,小红,1,undirected
那婆子,红玉,1,undirected
那婆子,马道婆,1,undirected
那婆子,王太医,1,undirected
那婆子,李氏,1,undirected
那婆子,雪雁道,2,undirected
那婆子,邢岫烟,1,undirected
老嬷嬷,邢王二,1,undirected
老嬷嬷,北静王,1,undirected
老嬷嬷,赖大,1,undirected
老嬷嬷,玉钏儿,1,undirected
老嬷嬷,何曾,1,undirected
老嬷嬷,巧姐,1,undirected
老嬷嬷,荣国府,2,undirected
老嬷嬷,丰儿,1,undirected
老嬷嬷,祖宗,2,undirected
老嬷嬷,梅花,1,undirected
老嬷嬷,贾蔷,1,undirected
老嬷嬷,李贵,2,undirected
老嬷嬷,周瑞,5,undirected
老嬷嬷,桂花,1,undirected
老嬷嬷,小红,2,undirected
老嬷嬷,红玉,1,undirected
老嬷嬷,王善保,3,undirected
老嬷嬷,王太医,1,undirected
老嬷嬷,李氏,3,undirected
老嬷嬷,齐全,1,undirected
老嬷嬷,相公,2,undirected
从小儿,邢王二,2,undirected
从小儿,旺儿,1,undirected
从小儿,赖大,1,undirected
从小儿,何曾,3,undirected
从小儿,巧姐,1,undirected
从小儿,荣国府,1,undirected
从小儿,祖宗,5,undirected
从小儿,贾瑞,1,undirected
从小儿,包勇,1,undirected
从小儿,贾蔷,1,undirected
从小儿,安静,1,undirected
从小儿,张罗,1,undirected
从小儿,孙子,3,undirected
从小儿,薛家,1,undirected
从小儿,桂花,1,undirected
从小儿,王善保,1,undirected
从小儿,李十儿,1,undirected
从小儿,张华,1,undirected
从小儿,水月庵,1,undirected
从小儿,金荣,1,undirected
从小儿,齐全,2,undirected
从小儿,柳湘莲,1,undirected
从小儿,邢岫烟,1,undirected
从小儿,道谢,1,undirected
从小儿,相公,1,undirected
王爷,北静王,8,undirected
王爷,贾府,1,undirected
王爷,赖大,2,undirected
王爷,巧姐,2,undirected
王爷,荣国府,1,undirected
王爷,祖宗,2,undirected
王爷,尤三姐,1,undirected
王爷,贾芹,1,undirected
王爷,贾家,1,undirected
王爷,贾蔷,2,undirected
王爷,安静,2,undirected
王爷,孙子,1,undirected
王爷,桂花,1,undirected
王爷,张华,1,undirected
王爷,王仁,2,undirected
王爷,鲍二,2,undirected
王爷,谢恩,2,undirected
邢王二,北静王,1,undirected
邢王二,旺儿,2,undirected
邢王二,贾府,1,undirected
邢王二,巧姐,3,undirected
邢王二,荣国府,1,undirected
邢王二,金陵,1,undirected
邢王二,丰儿,1,undirected
邢王二,祖宗,2,undirected
邢王二,贾瑞,1,undirected
邢王二,包勇,1,undirected
邢王二,甄宝玉,1,undirected
邢王二,梅花,1,undirected
邢王二,贾家,2,undirected
邢王二,贾蔷,3,undirected
邢王二,李贵,1,undirected
邢王二,周瑞,2,undirected
邢王二,孙子,2,undirected
邢王二,小红,1,undirected
邢王二,秋桐,1,undirected
邢王二,马道婆,1,undirected
邢王二,王仁,2,undirected
邢王二,齐全,1,undirected
邢王二,邢岫烟,4,undirected
北静王,贾府,1,undirected
北静王,赖大,2,undirected
北静王,玉钏儿,1,undirected
北静王,巧姐,1,undirected
北静王,荣国府,1,undirected
北静王,祖宗,1,undirected
北静王,尤三姐,1,undirected
北静王,贾蔷,1,undirected
北静王,周瑞,1,undirected
北静王,张华,1,undirected
北静王,倪二,1,undirected
北静王,谢恩,2,undirected
旺儿,贾府,2,undirected
旺儿,赖大,2,undirected
旺儿,丰儿,2,undirected
旺儿,祖宗,1,undirected
旺儿,贾瑞,1,undirected
旺儿,贾家,1,undirected
旺儿,周瑞,7,undirected
旺儿,红玉,1,undirected
旺儿,张华,4,undirected
旺儿,王子腾,1,undirected
旺儿,水月庵,1,undirected
旺儿,鲍二,1,undirected
旺儿,李氏,1,undirected
旺儿,齐全,1,undirected
旺儿,柳湘莲,1,undirected
旺儿,谢恩,1,undirected
旺儿,相公,1,undirected
贾府,赖大,3,undirected
贾府,何曾,1,undirected
贾府,巧姐,3,undirected
贾府,荣国府,3,undirected
贾府,金陵,3,undirected
贾府,祖宗,2,undirected
贾府,尤三姐,2,undirected
贾府,贾妃,3,undirected
贾府,包勇,1,undirected
贾府,甄宝玉,1,undirected
贾府,贾芹,2,undirected
贾府,贾家,2,undirected
贾府,贾蔷,1,undirected
贾府,蒋玉菡,1,undirected
贾府,安静,2,undirected
贾府,周瑞,4,undirected
贾府,薛家,2,undirected
贾府,王善保,1,undirected
贾府,张华,2,undirected
贾府,王子腾,2,undirected
贾府,王仁,2,undirected
贾府,张道士,1,undirected
贾府,鲍二,1,undirected
贾府,谢恩,1,undirected
贾府,邢岫烟,1,undirected
贾府,老先生,1,undirected
贾府,道谢,1,undirected
贾府,相公,1,undirected
赖大,玉钏儿,1,undirected
赖大,何曾,1,undirected
赖大,巧姐,1,undirected
赖大,金钏儿,1,undirected
赖大,荣国府,1,undirected
赖大,祖宗,4,undirected
赖大,贾芹,5,undirected
赖大,贾蔷,3,undirected
赖大,李贵,3,undirected
赖大,安静,1,undirected
赖大,周瑞,7,undirected
赖大,张罗,3,undirected
赖大,红玉,1,undirected
赖大,秋桐,1,undirected
赖大,王子腾,2,undirected
赖大,水月庵,5,undirected
赖大,王仁,1,undirected
赖大,鲍二,2,undirected
赖大,李氏,1,undirected
赖大,齐全,1,undirected
赖大,柳湘莲,2,undirected
赖大,谢恩,1,undirected
赖大,邢岫烟,1,undirected
玉钏儿,何曾,2,undirected
玉钏儿,金钏儿,4,undirected
玉钏儿,祖宗,3,undirected
玉钏儿,贾家,2,undirected
玉钏儿,贾蔷,1,undirected
玉钏儿,王子腾,1,undirected
玉钏儿,雪雁道,1,undirected
何曾,巧姐,1,undirected
何曾,金钏儿,1,undirected
何曾,祖宗,5,undirected
何曾,尤三姐,1,undirected
何曾,贾家,1,undirected
何曾,蒋玉菡,1,undirected
何曾,周瑞,2,undirected
何曾,张罗,1,undirected
何曾,孙子,1,undirected
何曾,桂花,1,undirected
何曾,小红,2,undirected
何曾,红玉,1,undirected
何曾,王子腾,1,undirected
何曾,倪二,1,undirected
何曾,李氏,1,undirected
何曾,老先生,1,undirected
何曾,相公,2,undirected
巧姐,荣国府,1,undirected
巧姐,丰儿,4,undirected
巧姐,祖宗,1,undirected
巧姐,包勇,1,undirected
巧姐,贾家,1,undirected
巧姐,贾蔷,2,undirected
巧姐,安静,2,undirected
巧姐,周瑞,1,undirected
巧姐,孙子,1,undirected
巧姐,桂花,1,undirected
巧姐,小红,7,undirected
巧姐,秋桐,3,undirected
巧姐,王子腾,1,undirected
巧姐,王仁,8,undirected
巧姐,李氏,1,undirected
巧姐,齐全,2,undirected
巧姐,邢岫烟,1,undirected
金钏儿,祖宗,1,undirected
金钏儿,贾家,1,undirected
金钏儿,蒋玉菡,1,undirected
金钏儿,周瑞,3,undirected
金钏儿,薛家,1,undirected
金钏儿,王子腾,1,undirected
荣国府,金陵,3,undirected
荣国府,丰儿,2,undirected
荣国府,祖宗,2,undirected
荣国府,贾瑞,1,undirected
荣国府,贾芹,3,undirected
荣国府,贾家,2,undirected
荣国府,贾蔷,1,undirected
荣国府,安静,1,undirected
荣国府,周瑞,4,undirected
荣国府,小红,2,undirected
荣国府,红玉,1,undirected
荣国府,王子腾,2,undirected
荣国府,马道婆,1,undirected
荣国府,王仁,1,undirected
荣国府,张道士,1,undirected
荣国府,李氏,1,undirected
荣国府,金荣,1,undirected
荣国府,齐全,1,undirected
荣国府,老先生,1,undirected
金陵,祖宗,1,undirected
金陵,贾妃,1,undirected
金陵,甄宝玉,2,undirected
金陵,薛家,2,undirected
金陵,王子腾,2,undirected
金陵,李氏,1,undirected
金陵,谢恩,1,undirected
金陵,老先生,1,undirected
丰儿,李嬷嬷,1,undirected
丰儿,安静,2,undirected
丰儿,周瑞,5,undirected
丰儿,孙子,1,undirected
丰儿,薛家,1,undirected
丰儿,小红,6,undirected
丰儿,王善保,1,undirected
丰儿,秋桐,2,undirected
丰儿,王子腾,1,undirected
丰儿,王仁,1,undirected
丰儿,李氏,2,undirected
丰儿,齐全,1,undirected
丰儿,道谢,1,undirected
祖宗,李嬷嬷,1,undirected
祖宗,尤三姐,3,undirected
祖宗,贾妃,1,undirected
祖宗,贾芹,1,undirected
祖宗,贾家,4,undirected
祖宗,李贵,1,undirected
祖宗,安静,4,undirected
祖宗,周瑞,1,undirected
祖宗,张罗,1,undirected
祖宗,孙子,4,undirected
祖宗,薛家,1,undirected
祖宗,桂花,1,undirected
祖宗,张华,2,undirected
祖宗,马道婆,1,undirected
祖宗,贾雨村,1,undirected
祖宗,张道士,1,undirected
祖宗,鲍二,3,undirected
祖宗,齐全,3,undirected
祖宗,谢恩,2,undirected
祖宗,邢岫烟,1,undirected
祖宗,老先生,1,undirected
祖宗,相公,1,undirected
李嬷嬷,红玉,1,undirected
贾瑞,贾家,1,undirected
贾瑞,贾蔷,5,undirected
贾瑞,李贵,3,undirected
贾瑞,金荣,6,undirected
贾瑞,相公,1,undirected
尤三姐,张罗,1,undirected
尤三姐,薛家,1,undirected
尤三姐,张华,1,undirected
尤三姐,鲍二,2,undirected
尤三姐,齐全,1,undirected
尤三姐,柳湘莲,4,undirected
尤三姐,谢恩,1,undirected
尤三姐,相公,1,undirected
贾妃,甄宝玉,1,undirected
贾妃,贾蔷,2,undirected
贾妃,张罗,1,undirected
贾妃,谢恩,3,undirected
包勇,贾家,2,undirected
包勇,周瑞,2,undirected
包勇,秋桐,1,undirected
包勇,鲍二,1,undirected
甄宝玉,张罗,1,undirected
甄宝玉,谢恩,1,undirected
梅花,周瑞,1,undirected
梅花,桂花,1,undirected
梅花,邢岫烟,1,undirected
梅花,道谢,1,undirected
贾芹,贾蔷,1,undirected
贾芹,水月庵,2,undirected
贾家,贾蔷,1,undirected
贾家,李贵,1,undirected
贾家,安静,1,undirected
贾家,孙子,1,undirected
贾家,桂花,1,undirected
贾家,张华,1,undirected
贾家,王子腾,2,undirected
贾家,水月庵,2,undirected
贾家,王仁,1,undirected
贾家,倪二,1,undirected
贾家,金荣,2,undirected
贾家,齐全,2,undirected
贾家,道谢,1,undirected
贾家,相公,1,undirected
贾蔷,李贵,1,undirected
贾蔷,安静,1,undirected
贾蔷,张罗,1,undirected
贾蔷,桂花,1,undirected
贾蔷,王仁,3,undirected
贾蔷,金荣,2,undirected
贾蔷,谢恩,1,undirected
贾蔷,相公,3,undirected
李贵,周瑞,1,undirected
李贵,李氏,1,undirected
李贵,金荣,2,undirected
李贵,相公,2,undirected
蒋玉菡,周瑞,1,undirected
蒋玉菡,桂花,1,undirected
安静,张罗,2,undirected
安静,桂花,1,undirected
安静,秋桐,1,undirected
安静,王子腾,2,undirected
安静,马道婆,1,undirected
安静,王仁,2,undirected
安静,鲍二,1,undirected
安静,王太医,1,undirected
安静,邢岫烟,1,undirected
周瑞,张罗,1,undirected
周瑞,孙子,2,undirected
周瑞,薛家,1,undirected
周瑞,小红,1,undirected
周瑞,王善保,5,undirected
周瑞,王子腾,1,undirected
周瑞,水月庵,1,undirected
周瑞,倪二,1,undirected
周瑞,鲍二,6,undirected
周瑞,李氏,1,undirected
周瑞,齐全,1,undirected
周瑞,道谢,2,undirected
张罗,孙子,1,undirected
张罗,薛家,1,undirected
张罗,桂花,1,undirected
张罗,秋桐,1,undirected
张罗,王子腾,1,undirected
张罗,水月庵,1,undirected
张罗,齐全,2,undirected
张罗,柳湘莲,2,undirected
张罗,雪雁道,1,undirected
张罗,相公,1,undirected
孙子,薛家,1,undirected
孙子,张道士,1,undirected
孙子,鲍二,1,undirected
孙子,齐全,2,undirected
薛家,王子腾,2,undirected
薛家,齐全,1,undirected
薛家,柳湘莲,1,undirected
薛家,邢岫烟,1,undirected
薛家,道谢,1,undirected
桂花,王仁,1,undirected
桂花,齐全,1,undirected
小红,红玉,2,undirected
小红,秋桐,3,undirected
小红,水月庵,1,undirected
小红,王仁,1,undirected
小红,李氏,1,undirected
小红,齐全,1,undirected
小红,雪雁道,2,undirected
小红,道谢,2,undirected
红玉,李氏,3,undirected
红玉,齐全,2,undirected
红玉,谢恩,1,undirected
秋桐,水月庵,1,undirected
秋桐,王太医,1,undirected
张华,王子腾,1,undirected
张华,鲍二,1,undirected
张华,齐全,1,undirected
张华,柳湘莲,1,undirected
王子腾,贾雨村,2,undirected
王子腾,水月庵,1,undirected
王子腾,王仁,2,undirected
王子腾,张道士,1,undirected
王子腾,鲍二,1,undirected
王子腾,谢恩,2,undirected
贾雨村,水月庵,1,undirected
贾雨村,谢恩,1,undirected
贾雨村,老先生,2,undirected
贾雨村,道谢,1,undirected
水月庵,谢恩,1,undirected
李氏,齐全,2,undirected
金荣,相公,1,undirected
齐全,柳湘莲,1,undirected
齐全,邢岫烟,1,undirected
齐全,相公,1,undirected
柳湘莲,相公,1,undirected
雪雁道,道谢,1,undirected
